0,200,2,0,3,1,3,0,2,1,4,1,1,1
0,500,2,0,3,1,4,0,1,1,3,0,1,1
1,200,6,3,8,6,6,2,3,4,5,2,3,4
1,500,6,3,8,6,5,2,4,4,5,1,3,4
2,200,2,2,2,4,2,2,2,4,3,2,1,4
2,500,2,2,2,4,3,0,1,6,2,0,1,6
3,200,0,12,0,14,0,4,0,7,0,4,0,6
3,500,0,12,0,15,0,1,0,10,0,1,0,10
4,200,0,3,1,3,0,4,1,2,1,4,0,2
4,500,0,3,1,3,1,0,0,6,1,0,0,6
5,200,0,1,1,2,0,0,1,3,1,0,1,3
5,500,0,1,1,2,0,0,1,3,1,0,1,3
6,200,1,1,0,3,1,1,0,3,1,1,1,3
6,500,1,1,0,3,1,1,0,3,1,1,1,3
7,200,5,0,5,1,5,0,7,1,10,0,2,1
7,500,5,0,7,0,7,1,5,1,8,1,1,1
8,200,1,2,1,4,2,1,0,6,2,1,0,5
8,500,1,3,1,4,2,0,0,7,2,0,0,6
9,200,3,2,1,4,4,2,0,3,3,2,0,2
9,500,0,2,0,3,3,2,3,3,3,1,2,4
10,200,1,1,0,0,1,1,0,0,1,0,1,1
10,500,1,1,0,0,1,0,0,1,1,1,1,1
11,200,2,2,5,2,3,0,0,2,3,0,0,2
11,500,2,2,5,2,3,1,0,1,3,0,0,2
12,200,6,2,6,6,8,1,1,2,7,1,1,2
12,500,6,2,6,6,8,1,1,4,5,1,4,4
13,200,1,0,2,2,3,0,0,2,3,1,0,2
13,500,1,0,2,2,3,0,0,2,3,0,0,2
14,200,2,0,2,0,3,0,1,0,3,0,1,0
14,500,2,0,2,0,2,0,2,0,2,0,2,0
15,200,0,1,0,2,1,1,1,2,1,0,1,2
15,500,0,1,1,2,1,0,0,3,1,0,0,3
16,200,5,0,4,1,5,0,2,1,5,0,2,1
16,500,5,0,4,1,6,0,1,1,6,0,1,1
17,200,0,1,0,1,1,2,1,2,1,2,1,2
17,500,0,1,0,1,1,1,1,3,1,1,1,2
18,200,3,4,4,7,1,2,2,6,2,2,2,6
18,500,3,3,4,7,3,1,0,6,2,3,1,4
19,200,6,3,4,4,3,2,3,2,3,2,3,2
19,500,6,3,4,4,4,1,2,3,4,1,2,3
20,200,0,2,0,5,0,0,0,3,0,0,0,3
20,500,0,2,0,5,0,0,0,3,0,0,0,3
21,200,0,2,0,2,0,0,0,4,0,1,0,3
21,500,0,2,0,2,0,1,0,3,0,0,0,4
22,200,4,5,6,10,6,3,2,5,5,5,1,3
22,500,4,5,4,8,7,4,0,5,7,3,0,5
23,200,0,0,0,0,2,1,2,1,2,1,2,1
23,500,0,0,0,0,2,1,2,1,2,1,2,1
24,200,3,2,5,6,6,2,1,3,6,2,1,3
24,500,3,2,5,6,7,2,0,3,6,2,1,3
25,200,6,0,7,0,4,0,0,0,4,0,0,0
25,500,6,0,7,0,4,0,0,0,4,0,0,0
26,200,1,6,1,3,3,2,1,3,3,1,1,3
26,500,1,6,1,3,2,2,2,3,2,1,2,3
27,200,1,0,1,3,1,0,1,3,1,0,1,3
27,500,0,0,1,2,2,1,0,3,2,2,0,3
28,200,1,3,1,7,2,0,2,6,3,0,2,5
28,500,1,3,1,7,3,0,1,6,3,0,1,6
29,200,8,0,7,0,3,0,2,0,3,0,2,0
29,500,8,0,7,0,4,0,1,0,4,0,1,0
30,200,13,2,13,3,3,1,3,4,4,0,2,5
30,500,13,2,13,2,3,1,3,3,3,1,3,3
31,200,1,2,1,2,2,0,0,5,1,0,0,4
31,500,1,3,1,2,1,1,1,4,0,1,1,4
32,200,3,2,6,1,4,2,3,1,5,2,3,1
32,500,3,2,6,1,4,1,2,2,5,1,2,2
33,200,4,0,4,1,5,0,3,1,7,0,1,1
33,500,4,0,4,1,7,0,1,1,5,0,0,1
34,200,4,2,4,3,4,4,3,4,3,4,3,4
34,500,4,2,4,3,4,4,3,4,4,3,2,4
35,200,2,2,2,2,4,3,2,1,3,2,2,2
35,500,2,2,2,2,4,0,2,4,3,0,2,2
36,200,0,0,3,1,1,0,2,1,3,0,2,1
36,500,0,0,3,1,2,0,2,1,3,0,2,1
37,200,1,2,0,8,1,1,0,5,1,1,0,5
37,500,1,2,0,8,1,1,0,4,1,0,0,4
38,200,0,0,0,0,0,0,0,0,0,0,0,0
38,500,0,0,0,0,0,0,0,0,0,0,0,0
39,200,1,0,2,1,2,1,1,0,2,1,1,0
39,500,1,0,2,1,2,0,1,1,2,1,2,1
40,200,0,0,1,2,1,0,0,2,1,0,0,2
40,500,0,0,1,2,1,0,0,2,1,0,0,2
41,200,8,3,4,3,5,1,3,5,5,1,3,5
41,500,8,3,4,3,6,1,2,4,4,1,3,4
42,200,1,2,2,1,3,1,3,2,4,1,2,2
42,500,2,2,2,1,3,2,3,1,3,2,2,1
43,200,0,2,0,0,0,0,0,2,0,0,0,2
43,500,0,2,0,0,0,1,0,1,0,1,0,2
44,200,4,2,2,2,5,1,5,1,4,1,5,2
44,500,4,2,2,2,6,1,4,2,5,1,5,3
45,200,1,4,3,4,3,1,3,3,4,1,1,2
45,500,1,4,3,4,5,1,1,3,4,1,1,2
46,200,3,3,1,2,4,2,0,3,2,2,1,4
46,500,3,3,1,2,2,0,2,5,2,0,1,4
47,200,2,3,6,4,4,2,1,4,3,3,2,3
47,500,2,3,4,3,3,3,3,3,3,2,2,2
48,200,2,1,1,1,2,1,1,1,2,0,1,2
48,500,2,1,0,1,2,1,1,1,2,1,1,1
49,200,2,2,2,5,1,0,2,3,1,1,2,3
49,500,2,3,2,5,2,1,1,3,2,1,1,3
50,200,0,0,3,2,3,0,2,2,3,0,2,2
50,500,0,0,3,2,3,0,2,2,4,0,2,2
51,200,1,2,1,2,2,0,2,4,2,0,2,4
51,500,1,2,1,2,2,1,1,3,2,1,1,2
52,200,1,6,0,4,2,4,1,2,2,3,1,4
52,500,1,6,0,4,2,5,1,1,2,3,1,3
53,200,3,1,2,1,3,1,2,1,3,0,1,1
53,500,3,1,2,1,4,0,1,2,4,0,1,2
54,200,3,4,5,2,2,0,2,2,3,0,1,2
54,500,3,4,5,2,3,0,1,2,4,0,1,2
55,200,12,0,10,1,6,2,5,3,6,2,3,3
55,500,12,0,10,1,8,2,3,3,8,2,3,3
56,200,5,4,6,6,5,0,4,6,4,0,3,5
56,500,5,2,7,6,8,1,0,5,7,0,0,5
57,200,1,2,2,5,1,2,2,5,1,2,2,5
57,500,1,2,2,5,3,1,0,6,3,0,0,5
58,200,0,3,0,4,1,2,1,5,1,2,1,6
58,500,0,3,1,4,1,2,0,5,1,1,0,5
59,200,0,1,1,2,1,0,0,3,1,0,0,3
59,500,0,1,1,2,1,0,0,3,1,0,0,3
60,200,0,2,2,3,0,0,2,1,1,0,2,1
60,500,0,2,2,3,2,0,0,1,2,0,0,1
61,200,2,0,1,0,2,0,1,0,2,0,0,0
61,500,2,0,1,0,4,0,0,0,4,0,0,0
62,200,0,0,1,3,2,1,1,3,2,2,1,3
62,500,0,0,1,3,2,1,1,3,2,1,1,3
63,200,1,2,2,2,2,0,2,4,2,0,2,4
63,500,1,2,2,2,2,1,1,3,2,0,1,4
64,200,0,1,1,2,1,1,0,2,1,1,0,1
64,500,0,1,1,2,1,0,0,3,1,2,0,1
65,200,4,3,4,4,3,3,1,3,3,4,1,4
65,500,4,3,4,4,4,1,0,5,3,1,0,5
66,200,3,0,3,1,5,0,1,1,5,0,1,1
66,500,3,0,3,1,5,0,1,1,5,0,1,1
67,200,5,3,6,2,5,1,3,3,5,1,3,3
67,500,6,3,6,3,6,0,2,4,7,0,1,3
68,200,0,2,0,1,0,1,0,3,0,1,0,3
68,500,0,2,0,1,0,0,0,3,0,0,0,3
69,200,0,3,0,13,0,3,0,7,0,3,0,6
69,500,0,3,0,13,0,2,0,7,0,1,0,7
70,200,1,1,5,2,6,0,1,3,6,0,1,2
70,500,1,1,4,2,5,0,2,3,6,0,2,3
71,200,1,0,2,1,3,0,0,1,3,0,0,1
71,500,1,0,2,1,3,0,0,1,3,0,0,1
72,200,2,3,0,0,2,2,0,0,2,2,0,0
72,500,2,3,0,0,2,1,0,1,2,1,0,1
73,200,1,0,0,0,1,0,0,0,1,0,1,0
73,500,1,0,0,0,1,0,0,0,1,0,0,0
74,200,1,3,1,2,3,1,3,0,4,1,3,0
74,500,1,3,1,2,4,0,2,1,4,0,2,1
75,200,1,5,1,5,1,3,1,3,1,2,1,3
75,500,1,5,1,5,1,3,1,3,1,1,1,5
76,200,1,3,2,6,1,2,2,3,1,1,2,3
76,500,1,3,2,6,3,1,0,4,2,1,0,4
77,200,0,4,1,5,0,0,1,4,0,0,1,4
77,500,0,4,1,5,1,0,0,5,1,0,0,5
78,200,1,0,1,1,1,0,1,1,1,0,1,1
78,500,1,0,1,1,2,0,0,1,2,0,0,1
79,200,1,0,0,2,1,0,0,2,1,0,0,2
79,500,1,0,0,2,1,0,0,2,1,0,0,2
80,200,0,4,0,7,1,3,1,4,1,2,1,5
80,500,0,4,0,7,1,1,1,6,1,0,1,6
81,200,0,1,0,2,0,0,0,3,0,0,0,2
81,500,0,1,0,2,0,0,0,3,0,0,0,2
82,200,3,1,5,5,2,0,3,5,2,1,3,4
82,500,3,1,5,5,1,1,3,4,1,0,2,5
83,200,2,2,1,1,2,1,1,2,2,0,2,3
83,500,2,2,1,1,2,1,1,2,2,0,1,2
84,200,6,1,5,3,5,2,2,2,4,2,3,2
84,500,6,1,5,3,4,2,3,2,5,2,2,2
85,200,2,3,2,5,3,3,1,5,3,3,0,3
85,500,2,3,2,5,3,5,1,3,3,1,0,6
86,200,0,1,2,2,2,3,2,3,3,3,2,3
86,500,0,1,2,2,2,2,2,3,3,2,2,3
87,200,3,5,2,4,3,2,2,3,4,1,0,3
87,500,3,5,2,4,5,3,0,2,5,2,0,3
88,200,0,0,0,3,0,1,0,2,0,1,0,2
88,500,0,0,0,3,0,1,0,2,0,2,0,2
89,200,2,0,2,1,3,0,1,1,4,1,1,1
89,500,2,0,1,1,4,0,1,1,4,0,2,1
90,200,6,2,9,6,6,2,2,4,6,1,1,4
90,500,6,3,9,7,6,1,2,6,5,2,0,5
91,200,0,1,2,2,2,1,0,2,2,1,0,2
91,500,0,1,2,2,2,1,0,2,2,0,0,2
92,200,0,0,1,1,1,0,2,1,2,0,2,1
92,500,0,0,1,1,2,0,1,1,2,0,1,1
93,200,0,2,0,3,0,0,0,2,0,0,0,2
93,500,0,2,0,3,0,0,0,1,0,0,0,1
94,200,0,2,2,4,1,2,1,4,1,2,1,4
94,500,0,2,2,4,2,2,0,4,2,3,0,3
95,200,3,2,10,2,5,0,2,2,4,0,2,2
95,500,3,2,10,2,7,0,0,2,6,0,1,2
96,200,5,3,6,10,5,3,2,4,4,3,3,4
96,500,5,3,5,10,5,1,2,6,5,0,1,5
97,200,0,6,0,12,0,0,0,4,0,0,0,4
97,500,0,6,0,12,0,0,0,4,0,0,0,4
98,200,1,0,0,0,1,0,0,0,1,0,0,0
98,500,1,0,0,0,1,0,0,0,1,0,0,0
99,200,0,0,0,0,0,1,0,1,0,1,0,1
99,500,0,0,0,0,0,1,0,1,0,1,0,1
100,200,0,4,0,7,0,1,0,5,0,1,0,5
100,500,0,5,0,7,0,0,0,6,0,0,0,6
101,200,3,4,1,5,4,0,0,3,4,0,0,3
101,500,3,4,1,5,4,0,0,3,4,0,0,3
102,200,1,3,1,2,2,1,2,0,2,1,2,1
102,500,1,3,1,2,3,1,1,0,3,1,1,1
103,200,3,4,7,6,4,2,2,6,5,3,0,5
103,500,3,4,7,6,6,3,0,5,6,2,0,5
104,200,0,0,2,0,2,0,2,0,2,0,2,0
104,500,0,0,2,0,2,0,2,0,3,0,2,0
105,200,0,3,0,4,1,4,1,4,1,3,1,4
105,500,0,2,0,4,1,3,1,5,1,3,1,5
106,200,0,1,0,1,2,0,2,2,2,0,2,2
106,500,0,1,0,1,2,0,2,2,2,0,2,2
107,200,0,1,3,0,3,0,2,1,3,0,2,1
107,500,0,1,3,0,4,0,1,1,4,0,1,1
108,200,2,0,3,3,5,0,1,3,5,2,1,2
108,500,2,0,3,3,5,0,0,3,5,0,0,3
109,200,6,2,8,3,5,1,2,3,5,1,1,3
109,500,6,2,6,3,6,1,2,3,5,1,2,3
110,200,0,0,0,0,0,0,0,0,0,0,0,0
110,500,0,0,0,0,0,0,0,0,0,0,0,0
111,200,0,1,1,1,0,2,1,2,0,2,1,2
111,500,0,1,1,2,0,0,1,3,0,0,1,3
112,200,0,0,0,1,0,0,0,1,0,1,0,1
112,500,0,0,0,1,0,0,0,1,0,0,0,1
113,200,0,7,0,11,0,3,0,8,0,3,0,6
113,500,0,7,0,11,0,4,0,7,0,2,0,5
114,200,5,3,2,10,2,2,0,5,2,1,0,5
114,500,5,3,2,10,2,2,0,5,2,2,0,4
115,200,0,0,1,1,0,0,1,1,1,1,1,1
115,500,0,0,1,1,0,0,1,1,1,0,1,1
116,200,3,0,6,3,4,0,1,3,4,0,1,3
116,500,3,0,6,3,4,0,1,3,4,1,1,3
117,200,1,2,2,5,2,2,1,5,3,3,0,5
117,500,1,2,1,5,3,2,1,5,3,2,1,5
118,200,7,3,6,5,5,1,3,3,5,1,3,2
118,500,7,3,6,6,7,0,1,4,6,1,2,3
119,200,1,3,1,3,4,4,2,5,4,3,2,6
119,500,1,3,1,3,4,2,2,8,4,2,2,6
120,200,4,0,5,2,3,0,2,2,3,0,1,2
120,500,4,0,6,2,5,0,1,2,5,0,0,2
121,200,2,4,0,2,3,3,1,3,3,3,2,3
121,500,2,4,0,2,3,3,1,3,3,3,2,5
122,200,1,0,2,4,1,0,2,3,2,0,2,3
122,500,1,0,2,4,2,0,1,3,3,0,1,3
123,200,0,1,1,1,2,0,3,2,2,0,3,2
123,500,0,1,1,1,2,0,3,2,2,0,3,2
124,200,1,5,1,5,2,3,2,3,2,1,2,4
124,500,1,5,1,5,3,1,1,5,3,1,1,5
125,200,2,0,2,1,2,0,2,1,3,0,2,1
125,500,2,0,2,1,2,0,2,1,2,0,2,1
126,200,0,2,0,2,0,0,0,4,0,0,0,3
126,500,0,2,0,2,0,0,0,4,0,0,0,2
127,200,2,4,1,7,3,0,0,6,3,2,0,4
127,500,2,4,1,7,3,1,0,5,3,2,0,5
128,200,3,0,5,2,6,0,2,2,6,0,1,2
128,500,3,0,5,2,7,0,1,2,8,0,0,2
129,200,6,0,3,2,4,0,1,2,4,0,0,2
129,500,6,0,3,2,5,0,0,2,5,0,0,2
130,200,0,5,0,13,0,3,0,7,0,3,0,7
130,500,0,5,0,11,0,4,0,7,0,5,0,7
131,200,2,0,2,1,3,0,1,1,2,0,1,1
131,500,2,0,2,1,3,0,1,1,3,0,1,1
132,200,8,3,8,7,6,2,2,2,5,1,1,2
132,500,9,3,8,7,8,1,1,3,8,0,1,2
133,200,1,2,0,2,1,1,0,3,1,1,0,4
133,500,1,2,0,2,1,1,0,3,1,2,0,4
134,200,0,0,1,3,0,0,1,3,0,0,1,3
134,500,0,0,1,3,0,0,1,3,0,0,1,3
135,200,2,1,5,1,4,1,3,1,6,1,4,1
135,500,2,1,4,0,6,1,3,0,7,1,4,0
136,200,2,3,7,15,2,0,3,8,2,0,2,7
136,500,2,3,7,14,4,2,1,6,3,1,2,7
137,200,2,3,0,5,2,0,0,4,2,0,0,4
137,500,2,3,0,5,2,0,1,4,2,0,1,4
138,200,3,2,4,3,1,0,2,5,2,0,2,4
138,500,3,2,3,2,3,0,0,3,3,0,0,3
139,200,2,2,3,5,2,2,2,4,3,1,1,4
139,500,2,2,3,5,2,1,2,5,2,1,1,4
140,200,1,8,2,9,2,1,1,7,2,1,1,6
140,500,1,8,2,7,3,3,1,7,3,3,1,6
141,200,1,2,1,2,2,0,0,4,2,0,0,3
141,500,1,2,1,2,2,0,0,4,2,0,0,4
142,200,0,3,3,6,2,1,1,4,2,1,1,4
142,500,0,3,3,6,2,0,1,5,3,1,1,5
143,200,5,1,2,1,6,3,1,3,5,2,1,3
143,500,5,3,1,1,4,2,1,2,4,2,1,2
144,200,2,0,1,0,3,0,0,0,3,0,0,0
144,500,2,0,1,0,3,0,0,0,3,0,1,0
145,200,2,6,2,5,3,3,1,5,3,3,1,6
145,500,2,4,2,5,3,2,1,6,4,2,0,6
146,200,1,0,0,0,1,0,0,0,1,0,0,0
146,500,1,0,0,0,1,0,0,0,1,0,0,0
147,200,0,0,0,0,1,0,1,0,1,0,1,0
147,500,0,0,0,0,1,0,1,0,1,0,1,0
148,200,2,3,1,4,3,2,0,3,3,1,1,3
148,500,2,4,1,4,2,1,1,3,2,0,1,3
149,200,3,3,3,4,4,2,2,5,4,2,2,5
149,500,3,3,3,4,5,1,1,6,5,0,1,7
150,200,4,1,2,2,1,0,1,3,1,1,1,3
150,500,4,1,2,2,2,1,0,2,1,1,1,3
151,200,4,0,4,1,4,0,0,1,4,0,0,1
151,500,4,0,4,1,3,0,1,1,4,0,0,1
152,200,1,0,4,0,3,0,2,0,4,0,2,0
152,500,1,0,4,0,4,0,1,0,5,0,2,0
153,200,0,0,0,0,0,0,0,0,0,0,0,0
153,500,0,0,0,0,0,0,0,0,0,0,0,0
154,200,3,1,0,0,2,0,1,1,2,0,2,1
154,500,3,1,0,0,3,0,0,1,3,0,0,1
155,200,4,1,0,0,3,0,1,1,3,0,1,1
155,500,1,1,0,0,3,1,4,0,3,1,4,1
156,200,2,2,1,5,2,3,1,6,2,2,0,7
156,500,2,2,1,5,2,2,1,7,2,2,0,8
157,200,1,7,0,3,1,4,0,2,1,2,0,3
157,500,1,7,0,3,1,3,0,3,1,2,0,5
158,200,0,1,2,2,1,1,1,2,2,1,1,2
158,500,0,1,2,2,1,1,1,2,2,1,1,2
159,200,1,0,0,0,1,1,1,1,1,1,1,1
159,500,1,0,0,0,1,1,0,1,1,1,0,1
160,200,3,4,3,2,6,3,2,3,5,2,3,4
160,500,3,4,3,2,4,1,4,5,4,2,2,4
161,200,3,0,0,1,3,0,0,1,3,0,0,1
161,500,3,0,0,1,3,0,0,1,3,0,0,1
162,200,2,3,2,0,4,2,2,1,4,3,4,2
162,500,2,3,2,0,4,3,3,0,4,2,4,2
163,200,5,0,5,0,5,1,3,1,5,1,2,1
163,500,5,0,4,0,6,1,2,1,6,1,2,1
164,200,2,0,2,0,2,0,2,0,2,0,0,0
164,500,2,0,2,0,4,0,0,0,3,0,0,0
165,200,2,2,8,1,3,1,4,2,5,2,3,1
165,500,2,2,7,1,5,1,2,2,6,1,0,2
166,200,5,2,7,4,4,0,1,2,4,0,1,1
166,500,5,2,7,4,4,0,1,2,4,0,1,1
167,200,2,10,3,9,4,4,1,9,4,3,0,9
167,500,2,10,3,9,3,3,2,10,3,1,2,8
168,200,0,2,0,3,1,0,1,5,1,1,1,5
168,500,0,2,0,3,1,0,1,5,1,0,1,5
169,200,0,1,2,2,0,0,2,2,2,0,2,2
169,500,0,1,2,2,1,1,1,3,2,1,1,3
170,200,1,0,2,0,3,0,0,0,3,0,0,0
170,500,1,0,1,0,3,0,0,0,3,0,0,0
171,200,0,3,0,4,0,3,0,5,0,3,0,6
171,500,0,2,0,4,0,2,0,5,0,2,0,6
172,200,0,1,0,3,0,0,0,4,0,0,0,4
172,500,0,1,0,3,0,0,0,4,0,0,0,4
173,200,13,1,13,5,5,2,5,1,5,2,5,1
173,500,13,1,13,5,6,0,4,3,5,0,4,3
174,200,3,2,3,2,2,2,0,2,2,2,0,2
174,500,3,2,3,2,2,2,0,2,2,2,0,2
175,200,3,2,6,1,3,1,2,2,2,1,2,3
175,500,3,2,6,1,3,0,2,3,3,1,2,3
176,200,0,4,0,7,1,2,1,4,1,2,1,4
176,500,0,4,0,7,1,1,1,5,1,1,1,5
177,200,2,0,2,0,4,0,0,0,3,0,0,0
177,500,2,0,1,0,3,0,0,0,3,0,0,0
178,200,2,0,4,0,5,0,3,0,6,0,2,0
178,500,2,0,4,0,5,0,3,0,6,0,3,0
179,200,0,1,2,0,0,0,2,1,0,0,2,1
179,500,0,1,2,0,2,0,0,1,2,0,0,1
180,200,2,0,2,0,1,0,1,0,1,0,1,0
180,500,2,0,2,0,2,0,0,0,1,0,0,0
181,200,0,2,2,2,2,1,0,3,2,0,0,3
181,500,0,2,2,2,2,0,0,4,2,0,0,3
182,200,0,2,4,5,2,1,2,2,3,0,2,3
182,500,0,2,4,5,3,0,1,3,4,0,1,3
183,200,4,1,8,3,8,1,2,2,7,0,0,2
183,500,4,1,8,3,9,1,1,2,9,1,0,2
184,200,1,1,2,0,1,1,2,0,1,1,2,0
184,500,1,1,2,0,1,0,2,1,1,0,2,1
185,200,0,1,0,0,0,0,0,1,0,0,0,1
185,500,0,1,0,0,0,0,0,1,0,0,0,1
186,200,0,1,0,0,0,1,2,1,0,1,2,1
186,500,0,1,0,0,2,2,2,2,2,2,2,2
187,200,2,0,1,1,3,0,0,1,3,0,0,1
187,500,2,0,1,1,3,0,0,1,3,0,0,1
188,200,0,2,1,0,2,2,1,0,2,2,1,1
188,500,0,2,1,0,2,2,1,0,2,1,1,2
189,200,0,0,2,0,1,1,2,1,2,1,2,1
189,500,0,0,1,0,2,1,1,1,2,1,1,1
190,200,2,2,4,3,3,1,3,4,3,0,2,4
190,500,2,2,4,3,5,1,1,4,5,0,0,5
191,200,2,6,2,6,2,3,2,5,2,3,2,5
191,500,0,6,2,6,1,3,3,5,1,3,3,5
192,200,0,2,1,6,1,0,2,5,1,0,2,5
192,500,0,2,1,6,3,0,2,4,3,0,2,4
193,200,1,0,0,0,1,0,0,0,1,0,0,0
193,500,1,0,0,0,0,0,1,0,0,0,1,0
194,200,1,1,2,3,4,0,3,4,5,0,2,3
194,500,1,1,2,3,5,1,2,3,4,1,3,3
195,200,0,0,0,0,0,0,0,0,0,0,0,0
195,500,0,0,0,0,0,0,0,0,0,0,0,0
196,200,3,1,4,2,0,1,2,2,0,1,2,2
196,500,3,1,4,2,2,0,0,3,2,0,0,3
197,200,1,0,2,1,3,0,2,1,4,0,2,1
197,500,1,0,2,1,4,0,1,1,4,0,1,1
198,200,3,1,2,0,4,1,1,0,4,1,1,0
198,500,3,1,2,0,4,1,1,0,4,1,1,0
199,200,2,3,1,7,3,1,0,2,3,2,0,1
199,500,2,3,1,7,2,1,1,2,2,1,0,2
200,200,2,1,3,1,4,0,3,2,4,0,3,2
200,500,2,1,3,1,5,0,2,2,4,0,1,2
201,200,1,5,1,6,1,3,1,3,0,2,1,5
201,500,1,5,1,6,2,2,0,4,2,2,0,4
202,200,0,0,0,5,0,0,0,5,0,2,0,5
202,500,0,0,0,4,0,1,0,5,0,2,0,5
203,200,0,0,0,1,0,0,0,1,0,0,0,1
203,500,0,0,0,1,0,0,0,1,0,0,0,1
204,200,1,0,1,1,3,0,0,1,3,0,0,1
204,500,1,0,2,1,3,0,0,1,3,0,0,1
205,200,0,4,4,5,1,0,3,5,3,0,2,5
205,500,0,4,4,5,2,1,2,4,4,1,0,5
206,200,4,2,2,5,2,1,0,6,1,0,0,5
206,500,4,2,2,5,2,2,0,5,2,1,0,6
207,200,0,5,0,8,0,2,0,5,0,1,0,4
207,500,0,5,0,8,0,1,0,6,0,1,0,6
208,200,7,0,4,0,5,0,2,0,5,0,2,0
208,500,7,0,4,0,5,0,2,0,5,0,1,0
209,200,0,2,0,2,0,1,0,3,0,0,0,2
209,500,0,2,0,2,0,0,0,4,0,0,0,3
210,200,1,2,1,1,2,2,0,3,1,2,0,3
210,500,1,2,1,1,1,2,1,4,1,2,1,4
211,200,0,2,3,2,3,0,0,4,3,0,0,4
211,500,0,1,2,2,3,0,1,3,3,0,1,3
212,200,0,0,0,0,0,0,0,0,0,0,0,0
212,500,0,0,0,0,0,0,0,0,0,0,0,0
213,200,1,4,0,0,1,2,0,2,1,2,1,3
213,500,0,3,0,0,1,2,1,3,1,2,1,4
214,200,3,1,1,2,3,1,1,2,3,1,3,3
214,500,3,1,1,1,4,1,0,3,4,1,0,3
215,200,0,0,0,2,2,1,2,3,2,2,2,3
215,500,0,0,0,0,2,3,2,3,2,3,2,3
216,200,0,0,2,0,1,0,1,0,2,0,1,0
216,500,0,0,1,0,2,0,0,0,2,0,0,0
217,200,1,0,2,1,4,0,1,1,4,1,1,1
217,500,1,0,2,1,2,0,3,1,3,0,2,1
218,200,1,3,0,3,1,0,0,2,1,0,0,2
218,500,1,3,0,3,1,0,0,2,1,1,0,2
219,200,2,3,2,2,3,1,1,3,3,1,1,3
219,500,2,3,2,2,3,1,1,3,2,1,1,2
220,200,0,3,4,5,3,0,0,4,3,0,0,3
220,500,0,3,4,5,3,0,0,4,3,0,0,4
221,200,1,1,5,1,5,0,3,2,5,0,3,2
221,500,1,1,5,1,4,1,2,1,5,0,2,1
222,200,1,2,1,2,3,1,3,1,3,0,3,2
222,500,1,2,1,2,4,1,2,1,4,0,2,2
223,200,2,1,2,1,2,1,1,1,2,1,0,1
223,500,2,1,2,1,1,0,1,2,2,0,1,2
224,200,1,0,1,0,2,0,0,0,2,0,0,0
224,500,1,0,1,0,2,0,0,0,2,0,0,0
225,200,0,7,0,10,0,0,0,5,0,0,0,4
225,500,0,7,0,10,0,1,0,4,0,0,0,5
226,200,0,5,0,3,0,1,0,4,0,1,0,5
226,500,0,4,0,2,0,0,0,7,0,0,0,7
227,200,1,2,0,0,1,1,0,1,1,1,0,1
227,500,1,2,0,0,1,0,0,2,1,0,0,2
228,200,1,1,0,2,3,1,3,2,3,1,3,2
228,500,1,1,1,2,3,0,3,3,3,0,3,3
229,200,1,5,2,5,1,3,2,5,1,2,3,4
229,500,1,5,2,6,1,1,2,6,1,1,3,6
230,200,1,0,0,0,1,0,0,0,1,0,0,0
230,500,1,0,0,0,1,0,0,0,1,0,0,0
231,200,0,0,0,2,0,0,0,2,0,0,0,2
231,500,0,0,0,2,0,0,0,2,0,0,0,2
232,200,1,2,1,3,3,0,1,3,3,0,1,3
232,500,1,1,2,4,3,1,0,2,3,1,0,2
233,200,4,2,5,2,3,1,2,3,3,1,1,3
233,500,4,2,4,2,4,0,2,4,3,0,2,4
234,200,2,4,5,5,5,3,1,6,5,0,1,7
234,500,2,4,5,5,4,2,1,7,4,1,1,6
235,200,0,0,0,0,0,1,0,1,0,1,0,1
235,500,0,0,0,1,0,0,0,1,0,0,0,1
236,200,4,4,4,7,5,2,2,3,4,2,2,3
236,500,4,4,4,7,6,1,1,4,5,1,1,3
237,200,1,0,0,0,1,0,0,0,1,0,0,0
237,500,1,0,0,0,1,0,0,0,1,0,0,0
238,200,2,2,2,2,3,1,1,3,3,1,1,3
238,500,2,1,2,2,4,1,0,2,3,0,0,2
239,200,2,4,2,1,3,0,1,4,4,0,1,4
239,500,2,3,2,1,4,0,0,4,4,0,0,4
240,200,0,2,0,2,0,2,0,2,0,0,0,4
240,500,0,2,0,2,0,1,0,3,0,0,0,3
241,200,0,3,1,4,2,0,1,3,2,0,1,3
241,500,0,3,1,4,2,0,1,3,2,0,1,3
242,200,1,7,0,2,1,2,0,4,1,2,0,4
242,500,1,7,0,2,1,2,0,5,1,2,0,6
243,200,1,2,1,2,1,2,1,2,1,2,1,2
243,500,1,2,1,2,1,0,1,3,1,0,1,3
244,200,1,1,1,0,2,0,2,1,2,0,2,1
244,500,2,1,1,0,2,0,1,1,2,0,1,1
245,200,5,0,3,1,3,1,1,2,3,1,1,2
245,500,5,0,3,1,3,1,1,2,3,1,1,2
246,200,0,1,0,4,0,3,0,2,0,2,0,3
246,500,0,2,0,4,0,2,0,4,0,2,0,4
247,200,1,1,0,2,1,0,0,3,1,0,0,3
247,500,1,1,0,2,1,0,0,3,1,0,0,3
248,200,4,2,3,5,3,1,4,6,5,2,1,4
248,500,4,2,3,5,4,0,2,6,6,1,1,5
249,200,0,2,0,1,0,2,0,1,0,2,0,2
249,500,0,2,0,1,0,2,0,1,0,2,0,1
250,200,0,1,0,2,0,1,0,3,0,0,0,4
250,500,0,1,0,3,0,0,0,4,0,1,0,3
251,200,3,1,6,3,4,1,1,3,5,1,1,4
251,500,3,1,6,3,4,1,1,3,5,1,1,3
252,200,1,0,0,0,6,0,4,0,6,0,4,0
252,500,1,0,0,0,5,0,4,0,5,0,4,0
253,200,2,2,3,1,4,1,2,3,4,0,2,4
253,500,2,2,4,2,6,0,0,4,6,0,0,3
254,200,4,0,5,0,8,0,3,0,8,0,2,0
254,500,4,0,5,0,8,0,3,0,7,0,2,0
255,200,14,2,7,4,4,0,4,2,4,1,4,2
255,500,14,2,7,4,5,0,3,2,6,1,1,2
256,200,2,0,2,0,2,0,0,0,2,0,0,0
256,500,2,0,2,0,2,0,0,0,2,0,0,0
257,200,1,4,1,6,1,0,1,6,1,1,0,5
257,500,1,4,1,6,2,1,0,5,2,1,0,5
258,200,3,2,0,1,2,2,1,3,2,2,1,3
258,500,3,2,0,1,3,1,0,4,3,1,0,4
259,200,3,0,5,2,3,1,2,2,3,1,2,2
259,500,3,0,4,2,3,1,1,2,3,1,1,2
260,200,0,9,0,11,1,2,1,8,1,2,1,8
260,500,0,9,0,11,1,2,1,8,1,2,1,6
261,200,1,1,0,0,1,2,0,3,1,2,0,3
261,500,1,1,0,0,1,2,0,3,1,2,1,3
262,200,1,3,0,13,1,1,0,6,1,1,0,6
262,500,0,3,0,13,1,0,1,7,1,0,1,7
263,200,2,0,3,4,0,0,1,4,1,1,1,4
263,500,2,0,3,4,0,0,1,4,1,1,1,4
264,200,9,5,15,7,11,1,4,4,10,1,2,4
264,500,9,6,17,7,8,1,5,3,9,1,2,3
265,200,1,2,1,2,2,4,2,4,2,2,2,6
265,500,1,2,1,2,2,3,2,5,2,2,2,6
266,200,4,3,3,2,4,0,3,1,4,0,3,1
266,500,4,3,3,2,5,0,2,1,5,0,2,1
267,200,0,0,0,1,0,0,0,1,0,0,0,1
267,500,0,0,0,1,0,0,0,1,0,0,0,1
268,200,1,1,3,3,3,1,5,3,5,0,3,4
268,500,1,1,3,3,3,0,5,4,5,0,3,3
269,200,3,2,4,4,3,2,4,2,3,2,4,2
269,500,3,2,4,4,5,2,2,2,4,1,2,2
270,200,2,2,2,3,4,1,2,4,4,1,4,3
270,500,2,2,2,3,4,1,2,4,5,1,3,4
271,200,3,0,4,1,3,0,2,1,3,0,1,1
271,500,3,0,4,1,4,0,1,1,3,0,1,1
272,200,1,3,3,3,3,3,1,3,3,2,0,4
272,500,1,3,3,3,4,1,0,5,4,1,0,4
273,200,0,1,0,1,0,1,0,1,0,1,0,2
273,500,0,0,0,1,0,1,0,2,0,1,0,2
274,200,0,2,1,0,2,1,3,3,3,1,3,3
274,500,0,2,1,0,3,1,2,3,3,1,2,3
275,200,0,1,1,4,1,0,0,5,1,0,0,5
275,500,0,1,1,4,1,0,0,5,1,0,0,5
276,200,0,2,1,6,1,1,0,7,1,1,0,7
276,500,0,3,1,7,1,0,0,8,1,0,0,8
277,200,4,0,2,0,5,1,3,1,5,1,3,1
277,500,4,0,2,0,5,1,3,1,5,1,4,1
278,200,2,1,1,1,4,1,1,2,4,1,1,2
278,500,2,1,1,1,4,0,1,2,3,0,1,2
279,200,0,2,1,2,3,3,4,5,4,3,3,5
279,500,1,2,1,2,5,4,3,4,5,3,3,5
280,200,2,4,1,3,3,1,0,2,3,1,0,2
280,500,2,4,1,3,3,0,0,3,3,0,0,3
281,200,3,1,6,1,4,0,2,2,4,0,1,2
281,500,3,1,6,1,4,1,2,1,4,0,1,2
282,200,2,1,1,0,3,1,0,0,3,1,0,1
282,500,2,1,1,0,3,1,0,0,3,1,1,1
283,200,2,1,0,1,2,0,0,2,2,1,0,2
283,500,2,1,0,1,2,0,0,2,2,0,0,2
284,200,5,7,7,14,4,4,3,6,4,1,0,6
284,500,5,7,7,14,5,4,2,6,4,4,3,5
285,200,1,2,0,3,3,2,2,3,3,1,2,3
285,500,1,1,0,3,3,2,2,3,3,1,2,3
286,200,0,0,0,1,0,0,0,1,0,0,0,1
286,500,0,0,0,1,0,0,0,1,0,0,0,1
287,200,0,0,0,0,0,0,0,0,0,0,0,0
287,500,0,0,0,0,0,0,0,0,0,0,0,0
288,200,1,0,1,3,2,0,2,3,2,0,2,3
288,500,1,0,1,3,2,0,2,3,2,0,2,3
289,200,1,4,1,3,1,2,1,4,1,2,1,5
289,500,1,4,1,3,2,2,0,4,2,2,0,5
290,200,0,2,0,2,0,0,0,2,0,0,0,2
290,500,0,2,0,2,0,0,0,2,0,0,0,2
291,200,0,1,0,3,0,1,0,3,0,3,0,2
291,500,0,1,0,3,0,0,0,4,0,0,0,4
292,200,0,0,0,2,1,1,1,3,1,1,1,3
292,500,0,0,0,2,1,1,1,3,1,1,1,3
293,200,0,3,0,6,0,0,0,4,0,0,0,4
293,500,0,3,0,6,0,0,0,4,0,0,0,4
294,200,1,0,1,3,3,1,1,4,3,2,1,4
294,500,1,0,0,3,3,1,1,4,3,1,1,4
295,200,6,1,3,1,4,1,1,1,4,1,2,1
295,500,6,1,3,1,4,0,1,2,4,0,1,2
296,200,2,1,1,3,2,1,1,3,2,1,2,4
296,500,2,1,1,3,3,1,0,3,3,1,0,4
297,200,0,0,1,3,0,1,1,4,1,1,1,4
297,500,0,0,0,2,1,2,1,4,1,2,1,4
298,200,3,3,3,8,1,1,1,5,1,0,0,5
298,500,3,3,3,8,1,1,1,5,1,1,0,5
299,200,1,2,1,0,2,2,0,0,2,2,0,0
299,500,1,2,1,0,2,2,0,0,2,2,1,1
